Date,Open,High,Low,Close,Adj Close,Volume
2025-01-02,39.68999862670898,39.9900016784668,38.84000015258789,39.13999938964844,39.13999938964844,646100
2025-01-02,39.689998626708984,39.9900016784668,38.84000015258789,39.13999938964844,39.13999938964844,646100
2025-01-03,39.38999938964844,39.38999938964844,38.060001373291016,38.7400016784668,38.7400016784668,564800
2025-01-03,39.38999938964844,39.38999938964844,38.060001373291016,38.7400016784668,38.7400016784668,564800
2025-01-06,38.880001068115234,39.5,37.529998779296875,37.81999969482422,37.81999969482422,760600
2025-01-06,38.880001068115234,39.5,37.52999877929688,37.81999969482422,37.81999969482422,760600
2025-01-07,38.29999923706055,38.5,37.619998931884766,38.45000076293945,38.45000076293945,519500
2025-01-07,38.29999923706055,38.5,37.619998931884766,38.45000076293945,38.45000076293945,519500
2025-01-08,38.13999938964844,38.13999938964844,37.40999984741211,37.79999923706055,37.79999923706055,516700
2025-01-08,38.13999938964844,38.13999938964844,37.40999984741211,37.79999923706055,37.79999923706055,516700
2025-01-10,38.65999984741211,39.27000045776367,36.439998626708984,36.63999938964844,36.63999938964844,1054400
2025-01-10,38.65999984741211,39.27000045776367,36.43999862670898,36.63999938964844,36.63999938964844,1054400
2025-01-13,36.630001068115234,37.400001525878906,36.630001068115234,36.88999938964844,36.88999938964844,424700
2025-01-13,36.630001068115234,37.400001525878906,36.630001068115234,36.88999938964844,36.88999938964844,424700
2025-01-14,36.709999084472656,37.7599983215332,36.66999816894531,37.709999084472656,37.709999084472656,412900
2025-01-14,36.709999084472656,37.7599983215332,36.66999816894531,37.709999084472656,37.709999084472656,412900
2025-01-15,37.900001525878906,39.040000915527344,37.84000015258789,38.5099983215332,38.5099983215332,465200
2025-01-15,37.900001525878906,39.040000915527344,37.84000015258789,38.5099983215332,38.5099983215332,465200
2025-01-16,38.0,38.43000030517578,37.59000015258789,37.75,37.75,535900
2025-01-16,38.0,38.43000030517578,37.59000015258789,37.75,37.75,535900
2025-01-17,38.040000915527344,38.380001068115234,37.18000030517578,37.52000045776367,37.52000045776367,795100
2025-01-17,38.040000915527344,38.380001068115234,37.18000030517578,37.52000045776367,37.52000045776367,795100
2025-01-21,37.619998931884766,38.119998931884766,36.599998474121094,37.900001525878906,37.900001525878906,507300
2025-01-21,37.619998931884766,38.119998931884766,36.59999847412109,37.900001525878906,37.900001525878906,507300
2025-01-22,37.880001068115234,38.099998474121094,37.470001220703125,37.560001373291016,37.560001373291016,771400
2025-01-22,37.880001068115234,38.09999847412109,37.470001220703125,37.560001373291016,37.560001373291016,771400
2025-01-23,37.790000915527344,38.29999923706055,37.33000183105469,37.849998474121094,37.849998474121094,754900
2025-01-23,37.790000915527344,38.29999923706055,37.33000183105469,37.84999847412109,37.84999847412109,754900
2025-01-24,37.83000183105469,38.130001068115234,37.20000076293945,37.75,37.75,901300
2025-01-24,37.83000183105469,38.130001068115234,37.20000076293945,37.75,37.75,901300
2025-01-27,37.790000915527344,38.380001068115234,36.36000061035156,36.560001373291016,36.560001373291016,541300
2025-01-27,37.790000915527344,38.380001068115234,36.36000061035156,36.560001373291016,36.560001373291016,541300
2025-01-28,36.5099983215332,36.96699905395508,35.939998626708984,35.97999954223633,35.97999954223633,624900
2025-01-28,36.5099983215332,36.96699905395508,35.939998626708984,35.97999954223633,35.97999954223633,624900
2025-01-29,35.68000030517578,36.31999969482422,35.68000030517578,36.2400016784668,36.2400016784668,536000
2025-01-29,35.68000030517578,36.31999969482422,35.68000030517578,36.2400016784668,36.2400016784668,536000
2025-01-30,36.220001220703125,36.77000045776367,35.900001525878906,36.47999954223633,36.47999954223633,984000
2025-01-30,36.220001220703125,36.77000045776367,35.900001525878906,36.47999954223633,36.47999954223633,984000
2025-01-31,36.09999847412109,36.90999984741211,35.869998931884766,36.15999984741211,36.15999984741211,815200
2025-01-31,36.099998474121094,36.90999984741211,35.869998931884766,36.15999984741211,36.15999984741211,815200
2025-02-03,36.11000061035156,36.150001525878906,35.099998474121094,35.119998931884766,35.119998931884766,1118300
2025-02-03,36.11000061035156,36.150001525878906,35.099998474121094,35.119998931884766,35.119998931884766,1118300
2025-02-04,34.810001373291016,36.2400016784668,34.810001373291016,36.09000015258789,36.09000015258789,816600
2025-02-04,34.810001373291016,36.2400016784668,34.810001373291016,36.09000015258789,36.09000015258789,816600
2025-02-05,36.27000045776367,36.36000061035156,35.150001525878906,35.7599983215332,35.7599983215332,736400
2025-02-05,36.27000045776367,36.36000061035156,35.150001525878906,35.7599983215332,35.7599983215332,736400
2025-02-06,36.09000015258789,36.09000015258789,34.63999938964844,34.75,34.75,810900
2025-02-06,36.09000015258789,36.09000015258789,34.63999938964844,34.75,34.75,810900
2025-02-07,34.81999969482422,35.209999084472656,32.72999954223633,32.869998931884766,32.869998931884766,883200
2025-02-07,34.81999969482422,35.209999084472656,32.72999954223633,32.869998931884766,32.869998931884766,883200
2025-02-10,33.290000915527344,33.81999969482422,32.400001525878906,32.68000030517578,32.68000030517578,1735400
2025-02-10,33.290000915527344,33.81999969482422,32.400001525878906,32.68000030517578,32.68000030517578,1735400
2025-02-11,32.650001525878906,33.459999084472656,32.6150016784668,32.77000045776367,32.77000045776367,1101800
2025-02-11,32.650001525878906,33.459999084472656,32.6150016784668,32.77000045776367,32.77000045776367,1101800
2025-02-12,32.47999954223633,32.5,31.63999938964844,31.93000030517578,31.93000030517578,1014900
2025-02-12,32.47999954223633,32.5,31.639999389648438,31.93000030517578,31.93000030517578,1014900
2025-02-13,31.850000381469727,32.119998931884766,31.200000762939453,31.280000686645508,31.280000686645508,789700
2025-02-13,31.850000381469727,32.119998931884766,31.200000762939453,31.280000686645508,31.280000686645508,789700
2025-02-14,31.399999618530277,31.790000915527344,31.03499984741211,31.13999938964844,31.13999938964844,775000
2025-02-14,31.399999618530273,31.790000915527344,31.03499984741211,31.139999389648438,31.139999389648438,775000
2025-02-18,30.979999542236328,31.530000686645508,30.520000457763672,31.219999313354492,31.219999313354492,1077800
2025-02-18,30.979999542236328,31.530000686645508,30.520000457763672,31.21999931335449,31.21999931335449,1077800
2025-02-19,30.989999771118164,31.114999771118164,30.219999313354492,30.280000686645508,30.280000686645508,1073500
2025-02-19,30.989999771118164,31.114999771118164,30.21999931335449,30.280000686645508,30.280000686645508,1073500
2025-02-20,30.5,31.309999465942383,30.13999938964844,31.18000030517578,31.18000030517578,931100
2025-02-20,30.5,31.309999465942383,30.139999389648438,31.18000030517578,31.18000030517578,931100
2025-02-21,31.6200008392334,31.6200008392334,29.594999313354492,29.68000030517578,29.68000030517578,1088900
2025-02-21,31.6200008392334,31.6200008392334,29.59499931335449,29.68000030517578,29.68000030517578,1088900
2025-02-24,29.700000762939453,29.81999969482422,28.43000030517578,28.68000030517578,28.68000030517578,1143900
2025-02-24,29.700000762939453,29.81999969482422,28.43000030517578,28.68000030517578,28.68000030517578,1143900
2025-02-25,28.84000015258789,28.8700008392334,27.739999771118164,28.149999618530277,28.149999618530277,1188900
2025-02-25,28.84000015258789,28.8700008392334,27.739999771118164,28.149999618530273,28.149999618530273,1188900
2025-02-26,28.040000915527344,28.399999618530277,27.350000381469727,27.540000915527344,27.540000915527344,1729400
2025-02-26,28.040000915527344,28.399999618530273,27.350000381469727,27.540000915527344,27.540000915527344,1729400
2025-02-27,27.549999237060547,27.549999237060547,25.989999771118164,26.01000022888184,26.01000022888184,2245600
2025-02-27,27.549999237060547,27.549999237060547,25.989999771118164,26.010000228881836,26.010000228881836,2245600
2025-02-28,25.530000686645508,26.030000686645508,25.200000762939453,25.46999931335449,25.46999931335449,1558000
2025-02-28,25.530000686645508,26.030000686645508,25.200000762939453,25.469999313354492,25.469999313354492,1558000
2025-03-03,25.579999923706055,25.670000076293945,23.260000228881836,23.31999969482422,23.31999969482422,2034700
2025-03-03,25.57999992370605,25.670000076293945,23.26000022888184,23.31999969482422,23.31999969482422,2034700
2025-03-04,22.979999542236328,23.61000061035156,22.065000534057617,23.13999938964844,23.13999938964844,2511600
2025-03-04,22.979999542236328,23.610000610351562,22.065000534057617,23.139999389648438,23.139999389648438,2511600
2025-03-05,23.010000228881836,23.545000076293945,22.65999984741211,23.459999084472656,23.459999084472656,1296600
2025-03-05,23.01000022888184,23.545000076293945,22.65999984741211,23.459999084472656,23.459999084472656,1296600
2025-03-06,23.149999618530273,24.469999313354492,23.104999542236328,24.450000762939453,24.450000762939453,1436500
2025-03-06,23.14999961853028,24.46999931335449,23.104999542236328,24.450000762939453,24.450000762939453,1436500
2025-03-07,24.75,25.59000015258789,24.610000610351562,25.020000457763672,25.020000457763672,1305400
2025-03-07,24.75,25.59000015258789,24.61000061035156,25.020000457763672,25.020000457763672,1305400
2025-03-10,24.68000030517578,24.8799991607666,22.770000457763672,23.219999313354492,23.219999313354492,1750100
2025-03-10,24.68000030517578,24.8799991607666,22.770000457763672,23.21999931335449,23.21999931335449,1750100
2025-03-11,23.46999931335449,24.07999992370605,23.030000686645508,23.93000030517578,23.93000030517578,1054300
2025-03-11,23.469999313354492,24.079999923706055,23.030000686645508,23.93000030517578,23.93000030517578,1054300
2025-03-12,24.190000534057617,24.614999771118164,23.670000076293945,24.18000030517578,24.18000030517578,832400
2025-03-12,24.190000534057617,24.614999771118164,23.670000076293945,24.18000030517578,24.18000030517578,832400
2025-03-13,24.25,24.63999938964844,23.32999992370605,23.65999984741211,23.65999984741211,730200
2025-03-13,24.25,24.639999389648438,23.329999923706055,23.65999984741211,23.65999984741211,730200
2025-03-14,24.170000076293945,24.704999923706055,23.75,24.68000030517578,24.68000030517578,796000
2025-03-14,24.170000076293945,24.70499992370605,23.75,24.68000030517578,24.68000030517578,796000
2025-03-17,24.6200008392334,25.030000686645508,24.454999923706055,24.59000015258789,24.59000015258789,578000
2025-03-17,24.6200008392334,25.030000686645508,24.45499992370605,24.59000015258789,24.59000015258789,578000
2025-03-18,24.76000022888184,25.15999984741211,24.5,24.959999084472656,24.959999084472656,801800
2025-03-18,24.760000228881836,25.15999984741211,24.5,24.959999084472656,24.959999084472656,801800
2025-03-19,24.950000762939453,25.649999618530277,24.739999771118164,25.030000686645508,25.030000686645508,860000
2025-03-19,24.950000762939453,25.649999618530273,24.739999771118164,25.030000686645508,25.030000686645508,860000
2025-03-20,24.989999771118164,25.420000076293945,24.809999465942383,25.1200008392334,25.1200008392334,861100
2025-03-20,24.989999771118164,25.420000076293945,24.809999465942383,25.1200008392334,25.1200008392334,861100
2025-03-21,25.0,25.399999618530273,24.920000076293945,25.170000076293945,25.170000076293945,1733700
2025-03-21,25.0,25.39999961853028,24.920000076293945,25.170000076293945,25.170000076293945,1733700
2025-03-24,25.40999984741211,26.049999237060547,25.295000076293945,25.920000076293945,25.920000076293945,951600
2025-03-24,25.40999984741211,26.049999237060547,25.295000076293945,25.920000076293945,25.920000076293945,951600
2025-03-25,26.030000686645508,26.19499969482422,24.899999618530277,25.100000381469727,25.100000381469727,854600
2025-03-25,26.030000686645508,26.19499969482422,24.899999618530273,25.100000381469727,25.100000381469727,854600
2025-03-26,25.59000015258789,26.30500030517578,25.25,25.440000534057617,25.440000534057617,768700
2025-03-26,25.59000015258789,26.30500030517578,25.25,25.440000534057617,25.440000534057617,768700
2025-03-27,25.43000030517578,25.5310001373291,24.950000762939453,25.40999984741211,25.40999984741211,692200
2025-03-27,25.43000030517578,25.5310001373291,24.950000762939453,25.40999984741211,25.40999984741211,692200
2025-03-28,25.350000381469727,25.434999465942383,24.899999618530277,25.229999542236328,25.229999542236328,523100
2025-03-28,25.350000381469727,25.434999465942383,24.899999618530273,25.229999542236328,25.229999542236328,523100
2025-03-31,24.899999618530277,25.21999931335449,24.614999771118164,25.0,25.0,850700
2025-03-31,24.899999618530273,25.219999313354492,24.614999771118164,25.0,25.0,850700
2025-04-01,25.06999969482422,25.8799991607666,25.06999969482422,25.61000061035156,25.61000061035156,523000
2025-04-01,25.06999969482422,25.8799991607666,25.06999969482422,25.610000610351562,25.610000610351562,523000
2025-04-02,25.25,25.530000686645508,24.75,25.18000030517578,25.18000030517578,469900
2025-04-02,25.25,25.530000686645508,24.75,25.18000030517578,25.18000030517578,469900
2025-04-03,23.520000457763672,23.770000457763672,21.600000381469727,22.299999237060547,22.299999237060547,2505100
2025-04-03,23.520000457763672,23.770000457763672,21.600000381469727,22.299999237060547,22.299999237060547,2505100
2025-04-04,21.100000381469727,21.3799991607666,18.600000381469727,19.239999771118164,19.239999771118164,3634200
2025-04-04,21.100000381469727,21.3799991607666,18.600000381469727,19.239999771118164,19.239999771118164,3634200
2025-04-07,18.46999931335449,20.799999237060547,18.25,20.07999992370605,20.07999992370605,2209000
2025-04-07,18.469999313354492,20.799999237060547,18.25,20.079999923706055,20.079999923706055,2209000
2025-04-08,20.770000457763672,20.979999542236328,18.454999923706055,18.8700008392334,18.8700008392334,2308700
2025-04-08,20.770000457763672,20.979999542236328,18.45499992370605,18.8700008392334,18.8700008392334,2308700
2025-04-09,18.420000076293945,21.420000076293945,17.739999771118164,21.15999984741211,21.15999984741211,1939100
2025-04-09,18.420000076293945,21.420000076293945,17.739999771118164,21.15999984741211,21.15999984741211,1939100
2025-04-10,20.0,20.239999771118164,18.18000030517578,18.739999771118164,18.739999771118164,1571000
2025-04-10,20.0,20.239999771118164,18.18000030517578,18.739999771118164,18.739999771118164,1571000
2025-04-11,18.549999237060547,19.90999984741211,18.11000061035156,19.86000061035156,19.86000061035156,1330000
2025-04-11,18.549999237060547,19.90999984741211,18.110000610351562,19.860000610351562,19.860000610351562,1330000
2025-04-14,20.21999931335449,20.6299991607666,18.989999771118164,19.01000022888184,19.01000022888184,721400
2025-04-14,20.219999313354492,20.6299991607666,18.989999771118164,19.010000228881836,19.010000228881836,721400
2025-04-15,18.90999984741211,19.65999984741211,18.61000061035156,18.959999084472656,18.959999084472656,888500
2025-04-15,18.90999984741211,19.65999984741211,18.610000610351562,18.959999084472656,18.959999084472656,888500
2025-04-16,19.13999938964844,19.940000534057617,19.13999938964844,19.3700008392334,19.3700008392334,756800
2025-04-16,19.139999389648438,19.940000534057617,19.139999389648438,19.3700008392334,19.3700008392334,756800
2025-04-17,19.559999465942383,21.06999969482422,19.5,20.8799991607666,20.8799991607666,1187600
2025-04-17,19.559999465942383,21.06999969482422,19.5,20.8799991607666,20.8799991607666,1187600
2025-04-21,20.51499938964844,20.600000381469727,19.600000381469727,20.1200008392334,20.1200008392334,794300
2025-04-21,20.514999389648438,20.600000381469727,19.600000381469727,20.1200008392334,20.1200008392334,794300
2025-04-22,20.440000534057617,20.850000381469727,19.93000030517578,20.450000762939453,20.450000762939453,607100
2025-04-22,20.440000534057617,20.850000381469727,19.93000030517578,20.450000762939453,20.450000762939453,607100
2025-04-23,21.059999465942383,21.094999313354492,19.889999389648438,20.479999542236328,20.479999542236328,767700
2025-04-23,21.059999465942383,21.09499931335449,19.88999938964844,20.479999542236328,20.479999542236328,767700
2025-04-24,20.700000762939453,21.0049991607666,20.170000076293945,20.600000381469727,20.600000381469727,738000
2025-04-24,20.700000762939453,21.0049991607666,20.170000076293945,20.600000381469727,20.600000381469727,738000
2025-04-25,20.07999992370605,20.790000915527344,19.96999931335449,20.6200008392334,20.6200008392334,825800
2025-04-25,20.079999923706055,20.790000915527344,19.969999313354492,20.6200008392334,20.6200008392334,825800
2025-04-28,20.549999237060547,20.916000366210938,20.040000915527344,20.11000061035156,20.11000061035156,526500
2025-04-28,20.549999237060547,20.916000366210938,20.040000915527344,20.110000610351562,20.110000610351562,526500
2025-04-29,20.32999992370605,21.239999771118164,20.01000022888184,21.0,21.0,799100
2025-04-29,20.329999923706055,21.239999771118164,20.010000228881836,21.0,21.0,799100
2025-04-30,20.690000534057617,20.93000030517578,20.040000915527344,20.540000915527344,20.540000915527344,1154100
2025-04-30,20.690000534057617,20.93000030517578,20.040000915527344,20.540000915527344,20.540000915527344,1154100
2025-05-01,20.600000381469727,22.700000762939453,20.450000762939453,22.389999389648438,22.389999389648438,1032500
2025-05-01,20.600000381469727,22.700000762939453,20.450000762939453,22.38999938964844,22.38999938964844,1032500
2025-05-02,22.700000762939453,22.950000762939453,22.100000381469727,22.5,22.5,820800
2025-05-02,22.700000762939453,22.950000762939453,22.100000381469727,22.5,22.5,820800
2025-05-05,22.18000030517578,23.139999389648438,22.149999618530273,22.469999313354492,22.469999313354492,1118700
2025-05-05,22.18000030517578,23.13999938964844,22.14999961853028,22.46999931335449,22.46999931335449,1118700
2025-05-06,22.809999465942383,24.01000022888184,22.46999931335449,22.96999931335449,22.96999931335449,1024800
2025-05-06,22.809999465942383,24.010000228881836,22.469999313354492,22.969999313354492,22.969999313354492,1024800
2025-05-07,23.34000015258789,23.399999618530277,22.459999084472656,22.8799991607666,22.8799991607666,788900
2025-05-07,23.34000015258789,23.399999618530273,22.459999084472656,22.8799991607666,22.8799991607666,788900
2025-05-08,23.260000228881836,24.440000534057617,23.200000762939453,23.809999465942383,23.809999465942383,876400
2025-05-08,23.26000022888184,24.440000534057617,23.200000762939453,23.809999465942383,23.809999465942383,876400
2025-05-09,24.200000762939453,24.639999389648438,23.65999984741211,23.93000030517578,23.93000030517578,823000
2025-05-09,24.200000762939453,24.63999938964844,23.65999984741211,23.93000030517578,23.93000030517578,823000
2025-05-12,24.09000015258789,25.6299991607666,23.899999618530277,24.520000457763672,24.520000457763672,890500
2025-05-12,24.09000015258789,25.6299991607666,23.899999618530273,24.520000457763672,24.520000457763672,890500
2025-05-13,24.610000610351562,25.1200008392334,24.43000030517578,24.690000534057617,24.690000534057617,523700
2025-05-13,24.61000061035156,25.1200008392334,24.43000030517578,24.690000534057617,24.690000534057617,523700
2025-05-14,24.51000022888184,25.56999969482422,23.8799991607666,25.149999618530277,25.149999618530277,1093400
2025-05-14,24.510000228881836,25.56999969482422,23.8799991607666,25.149999618530273,25.149999618530273,1093400
2025-05-15,24.549999237060547,24.90999984741211,24.360000610351562,24.829999923706055,24.829999923706055,656300
2025-05-15,24.549999237060547,24.90999984741211,24.36000061035156,24.82999992370605,24.82999992370605,656300
2025-05-16,24.790000915527344,25.024999618530277,24.200000762939453,24.209999084472656,24.209999084472656,370100
2025-05-16,24.790000915527344,25.024999618530273,24.200000762939453,24.209999084472656,24.209999084472656,370100
2025-05-19,24.0,24.0,23.36000061035156,23.86000061035156,23.86000061035156,501200
2025-05-19,24.0,24.0,23.360000610351562,23.860000610351562,23.860000610351562,501200
2025-05-20,23.8799991607666,23.93000030517578,23.559999465942383,23.790000915527344,23.790000915527344,373600
2025-05-20,23.8799991607666,23.93000030517578,23.559999465942383,23.790000915527344,23.790000915527344,373600
2025-05-21,23.59000015258789,23.889999389648438,23.219999313354492,23.239999771118164,23.239999771118164,413900
2025-05-21,23.59000015258789,23.88999938964844,23.21999931335449,23.239999771118164,23.239999771118164,413900
2025-05-22,23.0,23.13999938964844,22.31999969482422,22.81999969482422,22.81999969482422,875000
2025-05-22,23.0,23.139999389648438,22.31999969482422,22.81999969482422,22.81999969482422,875000
2025-05-23,22.299999237060547,23.11000061035156,22.299999237060547,23.06999969482422,23.06999969482422,470200
2025-05-23,22.299999237060547,23.110000610351562,22.299999237060547,23.06999969482422,23.06999969482422,470200
2025-05-27,23.270000457763672,24.11000061035156,22.950000762939453,23.989999771118164,23.989999771118164,615000
2025-05-27,23.270000457763672,24.110000610351562,22.950000762939453,23.989999771118164,23.989999771118164,615000
2025-05-28,24.18000030517578,24.40999984741211,23.47800064086914,23.670000076293945,23.670000076293945,558600
2025-05-28,24.18000030517578,24.40999984741211,23.47800064086914,23.670000076293945,23.670000076293945,558600
2025-05-29,23.809999465942383,24.26000022888184,23.575000762939453,24.1299991607666,24.1299991607666,521100
2025-05-29,23.809999465942383,24.260000228881836,23.575000762939453,24.1299991607666,24.1299991607666,521100
2025-05-30,23.84000015258789,23.93000030517578,22.864999771118164,23.200000762939453,23.200000762939453,2015000
2025-05-30,23.84000015258789,23.93000030517578,22.864999771118164,23.200000762939453,23.200000762939453,2015000
2025-06-02,23.700000762939453,24.110000610351562,23.260000228881836,23.760000228881836,23.760000228881836,777800
2025-06-02,23.700000762939453,24.11000061035156,23.26000022888184,23.76000022888184,23.76000022888184,777800
2025-06-03,23.790000915527344,25.459999084472656,23.350000381469727,24.920000076293945,24.920000076293945,758900
2025-06-03,23.790000915527344,25.459999084472656,23.350000381469727,24.920000076293945,24.920000076293945,758900
2025-06-04,25.0,25.700000762939453,24.246999740600586,24.479999542236328,24.479999542236328,676400
2025-06-04,25.0,25.700000762939453,24.246999740600582,24.479999542236328,24.479999542236328,676400
2025-06-05,24.81999969482422,24.860000610351562,24.274999618530273,24.5,24.5,721300
2025-06-05,24.81999969482422,24.86000061035156,24.27499961853028,24.5,24.5,721300
2025-06-06,25.049999237060547,25.684999465942383,25.020000457763672,25.170000076293945,25.170000076293945,539900
2025-06-06,25.049999237060547,25.684999465942383,25.020000457763672,25.170000076293945,25.170000076293945,539900
2025-06-09,26.770000457763672,28.32999992370605,26.170000076293945,27.040000915527344,27.040000915527344,2582800
2025-06-09,26.770000457763672,28.329999923706055,26.170000076293945,27.040000915527344,27.040000915527344,2582800
2025-06-10,27.40999984741211,28.440000534057617,27.11000061035156,27.459999084472656,27.459999084472656,1198200
2025-06-10,27.40999984741211,28.440000534057617,27.110000610351562,27.459999084472656,27.459999084472656,1198200
2025-06-11,27.709999084472656,28.25,27.479999542236328,28.079999923706055,28.079999923706055,962700
2025-06-11,27.709999084472656,28.25,27.479999542236328,28.07999992370605,28.07999992370605,962700
2025-06-12,27.71999931335449,28.709999084472656,27.402000427246094,28.46999931335449,28.46999931335449,1077600
2025-06-12,27.719999313354492,28.709999084472656,27.402000427246094,28.469999313354492,28.469999313354492,1077600
2025-06-13,29.34000015258789,29.34000015258789,28.0,29.15999984741211,29.15999984741211,1573400
2025-06-13,29.34000015258789,29.34000015258789,28.0,29.15999984741211,29.15999984741211,1573400
2025-06-16,29.170000076293945,29.40999984741211,28.06999969482422,29.100000381469727,29.100000381469727,1416900
2025-06-16,29.170000076293945,29.40999984741211,28.06999969482422,29.100000381469727,29.100000381469727,1416900
2025-06-17,29.399999618530273,29.399999618530273,28.440000534057617,28.559999465942383,28.559999465942383,1507600
2025-06-17,29.39999961853028,29.39999961853028,28.440000534057617,28.559999465942383,28.559999465942383,1507600
2025-06-18,28.559999465942383,29.200000762939453,28.09000015258789,28.46999931335449,28.46999931335449,1621900
2025-06-18,28.559999465942383,29.200000762939453,28.09000015258789,28.469999313354492,28.469999313354492,1621900
2025-06-20,28.530000686645508,29.059999465942383,27.790000915527344,28.01000022888184,28.01000022888184,6830200
2025-06-20,28.530000686645508,29.059999465942383,27.790000915527344,28.010000228881836,28.010000228881836,6830200
2025-06-23,28.01000022888184,28.34499931335449,26.59000015258789,26.649999618530277,26.649999618530277,1314500
2025-06-23,28.010000228881836,28.344999313354492,26.59000015258789,26.649999618530273,26.649999618530273,1314500
2025-06-24,26.170000076293945,26.68000030517578,25.84000015258789,26.09000015258789,26.09000015258789,1674700
2025-06-24,26.170000076293945,26.68000030517578,25.84000015258789,26.09000015258789,26.09000015258789,1674700
2025-06-25,25.770000457763672,26.360000610351562,25.56999969482422,25.899999618530273,25.899999618530273,1002100
2025-06-25,25.770000457763672,26.36000061035156,25.56999969482422,25.89999961853028,25.89999961853028,1002100
2025-06-26,26.07999992370605,26.540000915527344,25.709999084472656,25.739999771118164,25.739999771118164,585500
2025-06-26,26.079999923706055,26.540000915527344,25.709999084472656,25.739999771118164,25.739999771118164,585500
2025-06-27,25.75,26.239999771118164,25.475000381469727,26.059999465942383,26.059999465942383,1243500
2025-06-27,25.75,26.239999771118164,25.475000381469727,26.059999465942383,26.059999465942383,1243500
2025-06-30,26.01000022888184,26.399999618530277,25.729999542236328,26.25,26.25,745900
2025-06-30,26.010000228881836,26.399999618530273,25.729999542236328,26.25,26.25,745900
2025-07-01,26.290000915527344,27.850000381469727,26.13999938964844,27.239999771118164,27.239999771118164,851700
2025-07-01,26.290000915527344,27.850000381469727,26.139999389648438,27.239999771118164,27.239999771118164,851700
2025-07-02,27.6200008392334,28.979999542236328,27.23500061035156,28.979999542236328,28.979999542236328,1394900
2025-07-02,27.6200008392334,28.979999542236328,27.235000610351562,28.979999542236328,28.979999542236328,1394900
2025-07-03,28.950000762939453,29.31999969482422,28.684999465942383,29.11000061035156,29.11000061035156,670300
2025-07-03,28.950000762939453,29.31999969482422,28.684999465942383,29.110000610351562,29.110000610351562,670300
2025-07-07,29.100000381469727,29.56999969482422,28.56999969482422,29.190000534057617,29.190000534057617,1091400
2025-07-07,29.100000381469727,29.56999969482422,28.56999969482422,29.190000534057617,29.190000534057617,1091400
2025-07-08,29.030000686645508,30.56999969482422,29.030000686645508,30.239999771118164,30.239999771118164,1330200
2025-07-08,29.030000686645508,30.56999969482422,29.030000686645508,30.239999771118164,30.239999771118164,1330200
2025-07-09,30.290000915527344,30.75,30.030000686645508,30.649999618530273,30.649999618530273,1334300
2025-07-09,30.290000915527344,30.75,30.030000686645508,30.64999961853028,30.64999961853028,1334300
2025-07-10,30.40999984741211,31.729999542236328,30.170000076293945,30.920000076293945,30.920000076293945,787200
2025-07-10,30.40999984741211,31.729999542236328,30.170000076293945,30.920000076293945,30.920000076293945,787200
2025-07-11,30.670000076293945,30.80299949645996,30.040000915527344,30.5,30.5,467300
2025-07-11,30.670000076293945,30.80299949645996,30.040000915527344,30.5,30.5,467300
2025-07-14,30.450000762939453,30.450000762939453,29.610000610351562,29.690000534057617,29.690000534057617,457800
2025-07-14,30.450000762939453,30.450000762939453,29.61000061035156,29.690000534057617,29.690000534057617,457800
2025-07-15,29.760000228881836,29.81999969482422,28.6200008392334,28.770000457763672,28.770000457763672,670300
2025-07-15,29.76000022888184,29.81999969482422,28.6200008392334,28.770000457763672,28.770000457763672,670300
2025-07-16,28.780000686645508,29.079999923706055,27.709999084472656,27.719999313354492,27.719999313354492,775600
2025-07-16,28.780000686645508,29.07999992370605,27.709999084472656,27.71999931335449,27.71999931335449,775600
2025-07-17,27.76000022888184,28.75,27.75,28.729999542236328,28.729999542236328,625800
2025-07-17,27.760000228881836,28.75,27.75,28.729999542236328,28.729999542236328,625800
2025-07-18,29.15999984741211,29.200000762939453,28.11000061035156,28.15999984741211,28.15999984741211,621200
2025-07-18,29.15999984741211,29.200000762939453,28.110000610351562,28.15999984741211,28.15999984741211,621200
2025-07-21,28.63999938964844,28.799999237060547,27.920000076293945,27.96999931335449,27.96999931335449,473900
2025-07-21,28.639999389648438,28.799999237060547,27.920000076293945,27.969999313354492,27.969999313354492,473900
2025-07-22,27.90999984741211,29.450000762939453,27.90999984741211,29.420000076293945,29.420000076293945,912400
2025-07-22,27.90999984741211,29.450000762939453,27.90999984741211,29.420000076293945,29.420000076293945,912400
2025-07-23,30.07999992370605,31.190000534057617,29.780000686645508,30.6299991607666,30.6299991607666,1080100
2025-07-23,30.079999923706055,31.190000534057617,29.780000686645508,30.6299991607666,30.6299991607666,1080100
2025-07-24,30.25,31.4950008392334,30.170000076293945,30.3799991607666,30.3799991607666,907900
2025-07-24,30.25,31.4950008392334,30.170000076293945,30.3799991607666,30.3799991607666,907900
2025-07-25,30.5,30.65999984741211,29.899999618530277,30.229999542236328,30.229999542236328,398100
2025-07-25,30.5,30.65999984741211,29.899999618530273,30.229999542236328,30.229999542236328,398100
2025-07-28,30.4950008392334,31.075000762939453,30.420000076293945,31.030000686645508,31.030000686645508,494700
2025-07-28,30.4950008392334,31.075000762939453,30.420000076293945,31.030000686645508,31.030000686645508,494700
2025-07-29,30.920000076293945,30.950000762939453,30.0,30.56999969482422,30.56999969482422,601600
2025-07-29,30.920000076293945,30.950000762939453,30.0,30.56999969482422,30.56999969482422,601600
2025-07-30,29.969999313354492,30.670000076293945,29.270000457763672,29.770000457763672,29.770000457763672,682400
2025-07-30,29.96999931335449,30.670000076293945,29.270000457763672,29.770000457763672,29.770000457763672,682400
2025-07-31,29.38999938964844,30.0,28.8700008392334,29.15999984741211,29.15999984741211,774800
2025-07-31,29.389999389648438,30.0,28.8700008392334,29.15999984741211,29.15999984741211,774800
2025-08-01,28.760000228881836,28.760000228881836,27.399999618530273,27.799999237060547,27.799999237060547,752900
2025-08-01,28.76000022888184,28.76000022888184,27.399999618530277,27.799999237060547,27.799999237060547,752900
2025-08-04,27.690000534057617,28.349000930786133,27.690000534057617,28.040000915527344,28.040000915527344,828200
2025-08-04,27.690000534057617,28.349000930786133,27.690000534057617,28.040000915527344,28.040000915527344,828200
2025-08-05,28.40999984741211,29.790000915527344,28.0,29.790000915527344,29.790000915527344,1326900
2025-08-05,28.40999984741211,29.790000915527344,28.0,29.790000915527344,29.790000915527344,1326900
2025-08-06,29.799999237060547,31.174999237060547,29.639999389648438,29.639999389648438,29.639999389648438,1101500
2025-08-06,29.799999237060547,31.174999237060547,29.63999938964844,29.63999938964844,29.63999938964844,1101500
2025-08-07,28.170000076293945,29.479999542236328,27.60099983215332,28.170000076293945,28.170000076293945,1558700
2025-08-07,28.170000076293945,29.479999542236328,27.60099983215332,28.170000076293945,28.170000076293945,1558700
2025-08-08,28.469999313354492,29.329999923706055,28.110000610351562,29.18000030517578,29.18000030517578,553300
2025-08-08,28.46999931335449,29.32999992370605,28.11000061035156,29.18000030517578,29.18000030517578,553300
2025-08-11,29.57999992370605,29.82999992370605,28.440000534057617,28.440000534057617,28.440000534057617,607500
2025-08-11,29.579999923706055,29.829999923706055,28.440000534057617,28.440000534057617,28.440000534057617,607500
2025-08-12,28.920000076293945,29.32999992370605,28.56999969482422,28.82999992370605,28.82999992370605,922600
2025-08-12,28.920000076293945,29.329999923706055,28.56999969482422,28.829999923706055,28.829999923706055,922600
2025-08-13,28.889999389648438,29.25,28.579999923706055,29.030000686645508,29.030000686645508,986200
2025-08-13,28.88999938964844,29.25,28.57999992370605,29.030000686645508,29.030000686645508,986200
2025-08-14,28.780000686645508,29.604999542236328,28.020000457763672,29.010000228881836,29.010000228881836,851800
2025-08-14,28.780000686645508,29.604999542236328,28.020000457763672,29.01000022888184,29.01000022888184,851800
2025-08-15,29.040000915527344,29.604999542236328,28.76499938964844,29.01000022888184,29.01000022888184,1008500
2025-08-15,29.040000915527344,29.604999542236328,28.764999389648438,29.010000228881836,29.010000228881836,1008500
2025-08-18,28.950000762939453,29.71999931335449,28.809999465942383,29.209999084472656,29.209999084472656,942500
2025-08-18,28.950000762939453,29.719999313354492,28.809999465942383,29.209999084472656,29.209999084472656,942500
2025-08-19,29.360000610351562,29.5,28.399999618530273,28.600000381469727,28.600000381469727,647400
2025-08-19,29.36000061035156,29.5,28.399999618530277,28.600000381469727,28.600000381469727,647400
2025-08-20,28.709999084472656,29.395000457763672,28.440000534057617,29.190000534057617,29.190000534057617,1041400
2025-08-20,28.709999084472656,29.395000457763672,28.440000534057617,29.190000534057617,29.190000534057617,1041400
2025-08-21,29.25,29.489999771118164,29.040000915527344,29.100000381469727,29.100000381469727,666200
2025-08-21,29.25,29.489999771118164,29.040000915527344,29.100000381469727,29.100000381469727,666200
2025-08-22,29.19499969482422,31.45499992370605,29.1299991607666,31.3700008392334,31.3700008392334,1563100
2025-08-22,29.19499969482422,31.454999923706055,29.1299991607666,31.3700008392334,31.3700008392334,1563100
2025-08-25,31.89999961853028,32.36000061035156,31.229999542236328,31.39999961853028,31.39999961853028,785000
2025-08-25,31.899999618530273,32.36000061035156,31.229999542236328,31.399999618530273,31.399999618530273,785000
2025-08-26,31.079999923706055,31.469999313354492,30.93000030517578,30.950000762939453,30.950000762939453,451600
2025-08-26,31.07999992370605,31.46999931335449,30.93000030517578,30.950000762939453,30.950000762939453,451600
2025-08-27,30.84000015258789,32.0,30.559999465942383,31.96999931335449,31.96999931335449,727900
2025-08-27,30.84000015258789,32.0,30.559999465942383,31.969999313354492,31.969999313354492,727900
2025-08-28,32.130001068115234,32.40999984741211,31.26000022888184,31.700000762939453,31.700000762939453,493900
2025-08-28,32.130001068115234,32.40999984741211,31.260000228881836,31.700000762939453,31.700000762939453,493900
2025-08-29,31.81999969482422,32.2400016784668,31.3799991607666,31.90999984741211,31.90999984741211,481300
2025-08-29,31.81999969482422,32.2400016784668,31.3799991607666,31.90999984741211,31.90999984741211,481300
2025-09-02,31.46999931335449,32.724998474121094,31.46999931335449,32.290000915527344,32.290000915527344,726800
2025-09-02,31.469999313354492,32.724998474121094,31.469999313354492,32.290000915527344,32.290000915527344,726800
2025-09-03,32.060001373291016,33.15999984741211,32.060001373291016,32.779998779296875,32.779998779296875,1218500
2025-09-03,32.060001373291016,33.15999984741211,32.060001373291016,32.779998779296875,32.779998779296875,1218500
2025-09-04,32.650001525878906,33.380001068115234,32.470001220703125,32.7400016784668,32.7400016784668,915800
2025-09-04,32.650001525878906,33.380001068115234,32.470001220703125,32.7400016784668,32.7400016784668,915800
2025-09-05,32.61000061035156,33.20000076293945,32.13999938964844,32.7599983215332,32.7599983215332,575800
2025-09-05,32.61000061035156,33.20000076293945,32.13999938964844,32.7599983215332,32.7599983215332,575800
2025-09-08,32.900001525878906,33.0,31.950000762939453,32.66999816894531,32.66999816894531,610500
2025-09-08,32.900001525878906,33.0,31.950000762939453,32.66999816894531,32.66999816894531,610500
2025-09-09,32.7599983215332,33.35499954223633,31.8700008392334,31.90999984741211,31.90999984741211,622000
2025-09-09,32.7599983215332,33.35499954223633,31.8700008392334,31.90999984741211,31.90999984741211,622000
2025-09-10,31.700000762939453,32.47999954223633,31.010000228881836,32.47999954223633,32.47999954223633,674400
2025-09-10,31.700000762939453,32.47999954223633,31.01000022888184,32.47999954223633,32.47999954223633,674400
2025-09-11,32.15999984741211,33.689998626708984,32.15999984741211,33.65999984741211,33.65999984741211,1043100
2025-09-11,32.15999984741211,33.689998626708984,32.15999984741211,33.65999984741211,33.65999984741211,1043100
2025-09-12,33.970001220703125,34.27000045776367,32.69499969482422,32.779998779296875,32.779998779296875,632100
2025-09-12,33.970001220703125,34.27000045776367,32.69499969482422,32.779998779296875,32.779998779296875,632100
2025-09-15,32.79999923706055,33.3849983215332,32.45000076293945,33.0099983215332,33.0099983215332,1094300
2025-09-15,32.79999923706055,33.3849983215332,32.45000076293945,33.0099983215332,33.0099983215332,1094300
2025-09-16,33.4900016784668,34.189998626708984,33.06999969482422,34.029998779296875,34.029998779296875,724200
2025-09-16,33.4900016784668,34.189998626708984,33.06999969482422,34.029998779296875,34.029998779296875,724200
2025-09-17,33.84000015258789,34.68000030517578,33.5099983215332,33.790000915527344,33.790000915527344,493400
2025-09-17,33.84000015258789,34.68000030517578,33.5099983215332,33.790000915527344,33.790000915527344,493400
2025-09-18,34.150001525878906,34.150001525878906,33.119998931884766,33.13999938964844,33.13999938964844,594700
2025-09-18,34.150001525878906,34.150001525878906,33.119998931884766,33.13999938964844,33.13999938964844,594700
2025-09-19,32.9900016784668,32.9900016784668,30.950000762939453,31.010000228881836,31.010000228881836,1711900
2025-09-19,32.9900016784668,32.9900016784668,30.950000762939453,31.01000022888184,31.01000022888184,1711900
2025-09-22,30.940000534057617,31.559999465942383,30.7549991607666,31.420000076293945,31.420000076293945,1427000
2025-09-22,30.940000534057617,31.559999465942383,30.7549991607666,31.420000076293945,31.420000076293945,1427000
2025-09-23,31.8700008392334,33.540000915527344,31.600000381469727,31.709999084472656,31.709999084472656,870000
2025-09-23,31.8700008392334,33.540000915527344,31.600000381469727,31.709999084472656,31.709999084472656,870000
2025-09-24,32.099998474121094,32.77000045776367,31.989999771118164,32.209999084472656,32.209999084472656,812400
2025-09-24,32.099998474121094,32.77000045776367,31.989999771118164,32.209999084472656,32.209999084472656,812400
2025-09-25,31.68000030517578,31.81999969482422,31.030000686645508,31.38999938964844,31.38999938964844,878300
2025-09-25,31.68000030517578,31.81999969482422,31.030000686645508,31.389999389648438,31.389999389648438,878300
2025-09-26,31.479999542236328,31.989999771118164,30.98500061035156,31.399999618530277,31.399999618530277,439800
2025-09-26,31.479999542236328,31.989999771118164,30.985000610351562,31.399999618530273,31.399999618530273,439800
2025-09-29,31.229999542236328,31.229999542236328,30.149999618530273,30.549999237060547,30.549999237060547,635100
2025-09-29,31.229999542236328,31.229999542236328,30.149999618530277,30.549999237060547,30.549999237060547,635100
2025-09-30,30.0,30.524999618530273,29.559999465942383,30.209999084472656,30.209999084472656,779400
2025-09-30,30.0,30.52499961853028,29.559999465942383,30.209999084472656,30.209999084472656,779400
2025-10-01,30.110000610351562,31.709999084472656,30.014999389648438,31.510000228881836,31.510000228881836,473000
2025-10-01,30.11000061035156,31.709999084472656,30.01499938964844,31.51000022888184,31.51000022888184,473000
2025-10-02,31.489999771118164,31.979999542236328,30.780000686645508,31.209999084472656,31.209999084472656,908600
2025-10-02,31.489999771118164,31.979999542236328,30.780000686645508,31.209999084472656,31.209999084472656,908600
2025-10-03,31.5,32.2400016784668,31.14999961853028,31.559999465942383,31.559999465942383,1088400
2025-10-03,31.5,32.2400016784668,31.149999618530273,31.559999465942383,31.559999465942383,1088400
2025-10-06,31.799999237060547,32.29999923706055,31.38500022888184,32.16999816894531,32.16999816894531,761300
2025-10-06,31.799999237060547,32.29999923706055,31.385000228881836,32.16999816894531,32.16999816894531,761300
2025-10-07,31.850000381469727,32.5,31.51000022888184,31.8799991607666,31.8799991607666,1200900
2025-10-07,31.850000381469727,32.5,31.510000228881836,31.8799991607666,31.8799991607666,1200900
2025-10-08,32.25,32.279998779296875,30.739999771118164,30.96999931335449,30.96999931335449,889800
2025-10-08,32.25,32.279998779296875,30.739999771118164,30.969999313354492,30.969999313354492,889800
2025-10-09,31.38999938964844,31.572999954223636,30.65900039672852,31.229999542236328,31.229999542236328,2134500
2025-10-09,31.389999389648438,31.572999954223633,30.659000396728516,31.229999542236328,31.229999542236328,2134500
2025-10-10,30.729999542236328,31.290000915527344,29.1200008392334,29.190000534057617,29.190000534057617,1138500
2025-10-10,30.729999542236328,31.290000915527344,29.1200008392334,29.190000534057617,29.190000534057617,1138500
2025-10-13,29.709999084472656,30.09000015258789,29.36000061035156,29.84000015258789,29.84000015258789,739400
2025-10-13,29.709999084472656,30.09000015258789,29.360000610351562,29.84000015258789,29.84000015258789,739400
2025-10-14,29.260000228881836,29.864999771118164,29.110000610351562,29.290000915527344,29.290000915527344,716200
2025-10-14,29.26000022888184,29.864999771118164,29.11000061035156,29.290000915527344,29.290000915527344,716200
2025-10-15,29.6299991607666,30.559999465942383,29.34600067138672,30.5,30.5,795200
2025-10-15,29.6299991607666,30.559999465942383,29.34600067138672,30.5,30.5,795200
2025-10-16,30.639999389648438,30.899999618530273,29.110000610351562,29.389999389648438,29.389999389648438,590000
2025-10-16,30.63999938964844,30.899999618530277,29.11000061035156,29.38999938964844,29.38999938964844,590000
2025-10-17,29.0,29.71999931335449,28.72800064086914,29.549999237060547,29.549999237060547,417500
2025-10-17,29.0,29.719999313354492,28.72800064086914,29.549999237060547,29.549999237060547,417500
2025-10-20,29.5,30.57999992370605,29.3799991607666,30.309999465942383,30.309999465942383,430500
2025-10-20,29.5,30.579999923706055,29.3799991607666,30.309999465942383,30.309999465942383,430500
2025-10-21,30.39999961853028,30.5,29.64999961853028,29.850000381469727,29.850000381469727,366200
2025-10-21,30.399999618530273,30.5,29.649999618530273,29.850000381469727,29.850000381469727,366200
2025-10-22,30.15999984741211,30.924999237060547,29.799999237060547,30.6299991607666,30.6299991607666,728800
2025-10-22,30.15999984741211,30.924999237060547,29.799999237060547,30.6299991607666,30.6299991607666,728800
2025-10-23,31.56999969482422,32.08000183105469,30.8799991607666,31.920000076293945,31.920000076293945,1720700
2025-10-23,31.56999969482422,32.08000183105469,30.8799991607666,31.920000076293945,31.920000076293945,1720700
2025-10-24,32.04999923706055,32.650001525878906,31.729999542236328,31.8799991607666,31.8799991607666,981100
2025-10-24,32.04999923706055,32.650001525878906,31.729999542236328,31.8799991607666,31.8799991607666,981100
2025-10-27,32.15999984741211,32.18000030517578,31.299999237060547,31.34000015258789,31.34000015258789,633900
2025-10-27,32.15999984741211,32.18000030517578,31.299999237060547,31.34000015258789,31.34000015258789,633900
2025-10-28,30.850000381469727,31.25,30.639999389648438,30.969999313354492,30.969999313354492,470300
2025-10-28,30.850000381469727,31.25,30.63999938964844,30.96999931335449,30.96999931335449,470300
2025-10-29,31.11000061035156,31.549999237060547,30.100000381469727,30.540000915527344,30.540000915527344,909500
2025-10-29,31.110000610351562,31.549999237060547,30.100000381469727,30.540000915527344,30.540000915527344,909500
2025-10-30,30.40999984741211,31.770000457763672,30.07999992370605,31.46999931335449,31.46999931335449,610000
2025-10-30,30.40999984741211,31.770000457763672,30.079999923706055,31.469999313354492,31.469999313354492,610000
2025-10-31,31.81999969482422,31.81999969482422,30.729999542236328,31.559999465942383,31.559999465942383,749900
2025-10-31,31.81999969482422,31.81999969482422,30.729999542236328,31.559999465942383,31.559999465942383,749900
2025-11-03,31.43000030517578,31.88999938964844,31.02499961853028,31.76000022888184,31.76000022888184,496000
2025-11-03,31.43000030517578,31.889999389648438,31.024999618530273,31.760000228881836,31.760000228881836,496000
2025-11-04,30.940000534057617,31.31999969482422,30.399999618530273,30.90999984741211,30.90999984741211,719600
2025-11-04,30.940000534057617,31.31999969482422,30.39999961853028,30.90999984741211,30.90999984741211,719600
2025-11-05,30.799999237060547,31.959999084472656,30.510000228881836,30.889999389648438,30.889999389648438,706000
2025-11-05,30.799999237060547,31.959999084472656,30.51000022888184,30.88999938964844,30.88999938964844,706000
2025-11-06,30.07999992370605,30.39999961853028,28.670000076293945,29.020000457763672,29.020000457763672,1271200
2025-11-06,30.079999923706055,30.399999618530273,28.670000076293945,29.020000457763672,29.020000457763672,1271200
2025-11-07,28.81999969482422,29.440000534057617,28.290000915527344,28.489999771118164,28.489999771118164,599900
2025-11-07,28.81999969482422,29.440000534057617,28.290000915527344,28.489999771118164,28.489999771118164,599900
2025-11-10,28.700000762939453,28.920000076293945,28.100000381469727,28.399999618530273,28.399999618530273,634200
2025-11-10,28.700000762939453,28.920000076293945,28.100000381469727,28.399999618530277,28.399999618530277,634200
2025-11-11,28.670000076293945,31.3700008392334,28.549999237060547,30.969999313354492,30.969999313354492,996500
2025-11-11,28.670000076293945,31.3700008392334,28.549999237060547,30.96999931335449,30.96999931335449,996500
2025-11-12,30.90999984741211,31.059999465942383,29.770000457763672,30.209999084472656,30.209999084472656,798300
2025-11-12,30.90999984741211,31.059999465942383,29.770000457763672,30.209999084472656,30.209999084472656,798300
2025-11-13,30.25,30.959999084472656,29.149999618530273,29.6200008392334,29.6200008392334,510400
2025-11-13,30.25,30.959999084472656,29.14999961853028,29.6200008392334,29.6200008392334,510400
2025-11-14,29.600000381469727,30.274999618530277,28.649999618530277,30.06999969482422,30.06999969482422,565700
2025-11-14,29.600000381469727,30.274999618530273,28.649999618530273,30.06999969482422,30.06999969482422,565700
2025-11-17,30.139999389648438,31.825000762939453,29.709999084472656,30.649999618530273,30.649999618530273,705200
2025-11-17,30.13999938964844,31.825000762939453,29.709999084472656,30.649999618530277,30.649999618530277,705200
2025-11-18,31.020000457763672,31.899999618530273,30.040000915527344,31.420000076293945,31.420000076293945,435700
2025-11-18,31.020000457763672,31.89999961853028,30.040000915527344,31.420000076293945,31.420000076293945,435700
2025-11-19,30.780000686645508,31.6299991607666,30.5,31.06999969482422,31.06999969482422,632000
2025-11-19,30.780000686645508,31.6299991607666,30.5,31.06999969482422,31.06999969482422,632000
2025-11-20,31.40999984741211,32.28499984741211,29.850000381469727,30.06999969482422,30.06999969482422,1232700
2025-11-20,31.40999984741211,32.28499984741211,29.850000381469727,30.06999969482422,30.06999969482422,1232700
2025-11-21,29.90999984741211,30.364999771118164,29.190000534057617,30.15999984741211,30.15999984741211,599900
2025-11-21,29.90999984741211,30.364999771118164,29.190000534057617,30.15999984741211,30.15999984741211,599900
2025-11-24,30.030000686645508,30.53499984741211,29.450000762939453,30.110000610351562,30.110000610351562,879800
2025-11-24,30.030000686645508,30.53499984741211,29.450000762939453,30.11000061035156,30.11000061035156,879800
2025-11-25,30.06999969482422,30.139999389648438,28.905000686645508,29.809999465942383,29.809999465942383,702600
2025-11-25,30.06999969482422,30.13999938964844,28.905000686645508,29.809999465942383,29.809999465942383,702600
2025-11-26,29.780000686645508,30.540000915527344,29.530000686645508,30.31999969482422,30.31999969482422,483500
2025-11-26,29.780000686645508,30.540000915527344,29.530000686645508,30.31999969482422,30.31999969482422,483500
2025-11-28,30.68000030517578,30.920000076293945,30.030000686645508,30.520000457763672,30.520000457763672,241500
2025-11-28,30.68000030517578,30.920000076293945,30.030000686645508,30.520000457763672,30.520000457763672,241500
2025-12-01,30.030000686645508,30.959999084472656,29.979999542236328,30.920000076293945,30.920000076293945,884500
2025-12-01,30.030000686645508,30.959999084472656,29.979999542236328,30.920000076293945,30.920000076293945,884500
2025-12-02,30.780000686645508,31.260000228881836,29.739999771118164,31.200000762939453,31.200000762939453,689400
2025-12-02,30.780000686645508,31.26000022888184,29.739999771118164,31.200000762939453,31.200000762939453,689400
2025-12-03,31.479999542236328,32.94499969482422,31.139999389648438,32.77000045776367,32.77000045776367,904000
2025-12-03,31.479999542236328,32.94499969482422,31.13999938964844,32.77000045776367,32.77000045776367,904000
2025-12-04,32.61000061035156,32.84000015258789,31.8700008392334,32.54999923706055,32.54999923706055,777200
2025-12-04,32.61000061035156,32.84000015258789,31.8700008392334,32.54999923706055,32.54999923706055,777200
2025-12-05,32.560001373291016,33.60499954223633,31.899999618530273,32.0,32.0,508800
2025-12-05,32.560001373291016,33.60499954223633,31.899999618530277,32.0,32.0,508800
2025-12-08,32.099998474121094,32.959999084472656,31.40999984741211,31.51000022888184,31.51000022888184,615300
2025-12-08,32.099998474121094,32.959999084472656,31.40999984741211,31.510000228881836,31.510000228881836,615300
2025-12-09,31.549999237060547,33.33000183105469,31.549999237060547,33.029998779296875,33.029998779296875,1318800
2025-12-09,31.549999237060547,33.33000183105469,31.549999237060547,33.029998779296875,33.029998779296875,1318800
2025-12-10,32.959999084472656,33.685001373291016,31.979999542236328,33.25,33.25,1015400
2025-12-10,32.959999084472656,33.685001373291016,31.979999542236328,33.25,33.25,1015400
2025-12-11,32.369998931884766,34.01499938964844,32.34000015258789,33.0,33.0,828600
2025-12-11,32.369998931884766,34.01499938964844,32.34000015258789,33.0,33.0,828600
2025-12-12,32.560001373291016,33.22999954223633,31.59000015258789,31.76000022888184,31.76000022888184,1040100
2025-12-12,32.560001373291016,33.22999954223633,31.59000015258789,31.760000228881836,31.760000228881836,1040100
2025-12-15,32.08000183105469,32.290000915527344,31.40999984741211,31.989999771118164,31.989999771118164,631200
2025-12-15,32.08000183105469,32.290000915527344,31.40999984741211,31.989999771118164,31.989999771118164,631200
2025-12-16,31.61000061035156,31.729999542236328,29.65999984741211,30.1299991607666,30.1299991607666,1011300
2025-12-16,31.610000610351562,31.729999542236328,29.65999984741211,30.1299991607666,30.1299991607666,1011300
2025-12-17,30.350000381469727,30.770000457763672,29.399999618530277,30.479999542236328,30.479999542236328,1105600
2025-12-17,30.350000381469727,30.770000457763672,29.399999618530273,30.479999542236328,30.479999542236328,1105600
2025-12-18,31.020000457763672,31.020000457763672,29.739999771118164,30.3700008392334,30.3700008392334,1028800
2025-12-18,31.020000457763672,31.020000457763672,29.739999771118164,30.3700008392334,30.3700008392334,1028800
2025-12-19,30.670000076293945,31.979999542236328,30.010000228881836,31.56999969482422,31.56999969482422,1584700
2025-12-19,30.670000076293945,31.979999542236328,30.01000022888184,31.56999969482422,31.56999969482422,1584700
2025-12-22,31.8700008392334,32.900001525878906,31.770000457763672,32.279998779296875,32.279998779296875,654600
2025-12-22,31.8700008392334,32.900001525878906,31.770000457763672,32.279998779296875,32.279998779296875,654600
2025-12-23,32.400001525878906,33.18000030517578,31.709999084472656,32.790000915527344,32.790000915527344,544200
2025-12-23,32.400001525878906,33.18000030517578,31.709999084472656,32.790000915527344,32.790000915527344,544200
2025-12-24,32.810001373291016,33.15999984741211,32.5,32.88999938964844,32.88999938964844,183700
2025-12-24,32.810001373291016,33.15999984741211,32.5,32.88999938964844,32.88999938964844,183700
2025-12-26,33.060001373291016,33.5099983215332,32.349998474121094,32.970001220703125,32.970001220703125,381000
2025-12-26,33.060001373291016,33.5099983215332,32.349998474121094,32.970001220703125,32.970001220703125,381000
2025-12-29,33.029998779296875,33.849998474121094,32.93000030517578,33.70000076293945,33.70000076293945,536400
2025-12-29,33.029998779296875,33.849998474121094,32.93000030517578,33.70000076293945,33.70000076293945,536400
2025-12-30,33.93000030517578,35.220001220703125,33.85499954223633,34.529998779296875,34.529998779296875,934100
2025-12-30,33.93000030517578,35.220001220703125,33.85499954223633,34.529998779296875,34.529998779296875,934100
2025-12-31,34.540000915527344,35.09000015258789,34.2599983215332,34.599998474121094,34.599998474121094,670300
2025-12-31,34.540000915527344,35.09000015258789,34.2599983215332,34.599998474121094,34.599998474121094,670300
2026-01-02,34.529998779296875,35.2400016784668,34.25,34.95000076293945,34.95000076293945,1072300
2026-01-02,34.529998779296875,35.2400016784668,34.25,34.95000076293945,34.95000076293945,1072300
2026-01-05,36.130001068115234,36.130001068115234,32.849998474121094,34.06999969482422,34.06999969482422,904100
2026-01-05,36.130001068115234,36.130001068115234,32.849998474121094,34.06999969482422,34.06999969482422,904100
2026-01-06,34.709999084472656,35.5099983215332,34.209999084472656,34.79999923706055,34.79999923706055,1027600
2026-01-06,34.709999084472656,35.5099983215332,34.209999084472656,34.79999923706055,34.79999923706055,1027600
2026-01-07,34.619998931884766,34.654998779296875,32.994998931884766,34.0,34.0,677300
2026-01-07,34.619998931884766,34.654998779296875,32.994998931884766,34.0,34.0,677300
2026-01-08,34.0,35.08000183105469,33.959999084472656,35.060001373291016,35.060001373291016,702100
2026-01-08,34.0,35.08000183105469,33.959999084472656,35.060001373291016,35.060001373291016,702100
2026-01-09,35.869998931884766,37.0,35.34000015258789,35.470001220703125,35.470001220703125,991600
2026-01-09,35.869998931884766,37.0,35.34000015258789,35.470001220703125,35.470001220703125,991600
2026-01-12,34.5,34.9900016784668,33.400001525878906,33.63999938964844,33.63999938964844,740700
2026-01-12,34.5,34.9900016784668,33.400001525878906,33.63999938964844,33.63999938964844,740700
2026-01-13,34.02000045776367,36.25,34.0,35.27000045776367,35.27000045776367,1158000
2026-01-13,34.02000045776367,36.25,34.0,35.27000045776367,35.27000045776367,1158000
2026-01-14,35.40999984741211,36.16999816894531,35.029998779296875,35.279998779296875,35.279998779296875,655500
2026-01-14,35.40999984741211,36.16999816894531,35.029998779296875,35.279998779296875,35.279998779296875,655500
2026-01-15,35.15999984741211,35.5,34.61000061035156,35.189998626708984,35.189998626708984,483800
2026-01-15,35.15999984741211,35.5,34.61000061035156,35.189998626708984,35.189998626708984,483800
2026-01-16,35.27000045776367,35.77000045776367,34.65999984741211,34.720001220703125,34.720001220703125,464600
2026-01-16,35.27000045776367,35.77000045776367,34.65999984741211,34.720001220703125,34.720001220703125,464600
2026-01-20,34.599998474121094,35.06999969482422,33.95000076293945,35.029998779296875,35.029998779296875,362800
2026-01-20,34.599998474121094,35.06999969482422,33.95000076293945,35.029998779296875,35.029998779296875,362800
2026-01-21,35.68000030517578,38.220001220703125,35.68000030517578,38.15999984741211,38.15999984741211,1772600
2026-01-21,35.68000030517578,38.220001220703125,35.68000030517578,38.15999984741211,38.15999984741211,1772600
2026-01-22,38.310001373291016,38.79899978637695,37.5,38.08000183105469,38.08000183105469,716300
2026-01-22,38.310001373291016,38.79899978637695,37.5,38.08000183105469,38.08000183105469,716300
2026-01-23,38.5,39.68000030517578,38.33000183105469,38.68000030517578,38.68000030517578,941700
2026-01-23,38.5,39.68000030517578,38.33000183105469,38.68000030517578,38.68000030517578,941700
2026-01-26,39.119998931884766,39.650001525878906,38.53799819946289,39.45000076293945,39.45000076293945,706500
2026-01-26,39.119998931884766,39.650001525878906,38.53799819946289,39.45000076293945,39.45000076293945,706500
2026-01-27,39.650001525878906,40.15999984741211,38.65999984741211,38.75,38.75,757100
2026-01-27,39.650001525878906,40.15999984741211,38.65999984741211,38.75,38.75,757100
2026-01-28,39.09000015258789,39.39500045776367,36.65999984741211,37.2599983215332,37.2599983215332,879600
2026-01-28,39.09000015258789,39.39500045776367,36.65999984741211,37.2599983215332,37.2599983215332,879600
2026-01-29,38.43000030517578,39.77000045776367,37.43000030517578,38.66999816894531,38.66999816894531,695900
2026-01-29,38.43000030517578,39.77000045776367,37.43000030517578,38.66999816894531,38.66999816894531,695900
2026-01-30,38.43000030517578,38.755001068115234,37.470001220703125,38.47999954223633,38.47999954223633,869600
2026-01-30,38.43000030517578,38.755001068115234,37.470001220703125,38.47999954223633,38.47999954223633,869600
2026-02-02,37.29999923706055,38.93999862670898,37.29999923706055,38.29999923706055,38.29999923706055,702200
2026-02-02,37.29999923706055,38.939998626708984,37.29999923706055,38.29999923706055,38.29999923706055,702200
2026-02-03,38.68000030517578,39.459999084472656,38.025001525878906,38.790000915527344,38.790000915527344,741400
2026-02-03,38.68000030517578,39.459999084472656,38.025001525878906,38.790000915527344,38.790000915527344,741400
2026-02-04,39.22999954223633,40.09999847412109,38.8129997253418,39.61000061035156,39.61000061035156,705700
2026-02-04,39.22999954223633,40.099998474121094,38.8129997253418,39.61000061035156,39.61000061035156,705700
2026-02-05,38.47999954223633,39.25,37.41999816894531,38.040000915527344,38.040000915527344,518400
2026-02-05,38.47999954223633,39.25,37.41999816894531,38.040000915527344,38.040000915527344,518400
2026-02-06,38.22999954223633,40.345001220703125,38.1150016784668,39.900001525878906,39.900001525878906,1018900
2026-02-06,38.22999954223633,40.345001220703125,38.1150016784668,39.900001525878906,39.900001525878906,1018900
2026-02-09,41.810001373291016,42.5,40.29999923706055,41.18000030517578,41.18000030517578,2872300
2026-02-09,41.810001373291016,42.5,40.29999923706055,41.18000030517578,41.18000030517578,2872300
2026-02-10,41.20000076293945,41.369998931884766,39.650001525878906,40.20000076293945,40.20000076293945,3490900
2026-02-10,41.20000076293945,41.369998931884766,39.650001525878906,40.20000076293945,40.20000076293945,3490900
2026-02-11,40.40999984741211,43.18999862670898,40.380001068115234,43.0099983215332,43.0099983215332,1306300
2026-02-11,40.40999984741211,43.189998626708984,40.380001068115234,43.0099983215332,43.0099983215332,1306300
2026-02-12,43.02000045776367,43.29999923706055,40.15999984741211,41.130001068115234,41.130001068115234,1143800
2026-02-12,43.02000045776367,43.29999923706055,40.15999984741211,41.130001068115234,41.130001068115234,1143800
2026-02-13,41.34999847412109,43.09999847412109,40.52000045776367,42.65999984741211,42.65999984741211,900800
2026-02-13,41.349998474121094,43.099998474121094,40.52000045776367,42.65999984741211,42.65999984741211,900800
2026-02-17,42.27999877929688,42.959999084472656,41.20000076293945,42.5,42.5,1244800
2026-02-17,42.279998779296875,42.959999084472656,41.20000076293945,42.5,42.5,1244800
2026-02-18,43.11000061035156,44.220001220703125,43.11000061035156,43.79999923706055,43.79999923706055,927400
2026-02-18,43.11000061035156,44.220001220703125,43.11000061035156,43.79999923706055,43.79999923706055,927400
2026-02-19,44.150001525878906,45.15499877929688,43.93999862670898,44.709999084472656,44.709999084472656,1266800
2026-02-19,44.150001525878906,45.154998779296875,43.939998626708984,44.709999084472656,44.709999084472656,1266800
2026-02-20,44.29999923706055,44.88999938964844,43.6150016784668,44.209999084472656,44.209999084472656,893600
2026-02-20,44.29999923706055,44.88999938964844,43.6150016784668,44.209999084472656,44.209999084472656,893600
2026-02-23,44.16999816894531,45.900001525878906,43.970001220703125,44.119998931884766,44.119998931884766,1059500
2026-02-23,44.16999816894531,45.900001525878906,43.970001220703125,44.119998931884766,44.119998931884766,1059500
2026-02-24,44.400001525878906,45.599998474121094,43.939998626708984,45.189998626708984,45.189998626708984,781300
2026-02-24,44.400001525878906,45.59999847412109,43.93999862670898,45.18999862670898,45.18999862670898,781300
2026-02-25,45.630001068115234,45.630001068115234,44.0,45.220001220703125,45.220001220703125,944300
2026-02-25,45.630001068115234,45.630001068115234,44.0,45.220001220703125,45.220001220703125,944300
2026-02-26,42.5,44.5,42.0,43.2599983215332,43.2599983215332,1471200
2026-02-26,42.5,44.5,42.0,43.2599983215332,43.2599983215332,1471200
2026-02-27,44.0,44.20000076293945,43.150001525878906,43.880001068115234,43.880001068115234,858600
2026-02-27,44.0,44.20000076293945,43.150001525878906,43.880001068115234,43.880001068115234,858600
2026-03-02,44.47999954223633,44.68999862670898,42.47999954223633,43.66999816894531,43.66999816894531,1198600
2026-03-02,44.47999954223633,44.689998626708984,42.47999954223633,43.66999816894531,43.66999816894531,1198600
2026-03-03,43.31999969482422,43.5,41.72800064086914,42.93000030517578,42.93000030517578,939300
2026-03-03,43.31999969482422,43.5,41.72800064086914,42.93000030517578,42.93000030517578,939300
2026-03-04,42.86000061035156,43.61000061035156,42.220001220703125,42.400001525878906,42.400001525878906,833200
2026-03-04,42.86000061035156,43.61000061035156,42.220001220703125,42.400001525878906,42.400001525878906,833200
2026-03-05,44.13999938964844,44.72999954223633,42.61000061035156,43.70000076293945,43.70000076293945,1383500
2026-03-05,44.13999938964844,44.72999954223633,42.61000061035156,43.70000076293945,43.70000076293945,1383500
2026-03-06,43.560001373291016,43.97999954223633,41.75,42.02000045776367,42.02000045776367,847000
2026-03-06,43.560001373291016,43.97999954223633,41.75,42.02000045776367,42.02000045776367,847000
2026-03-09,42.380001068115234,43.59000015258789,41.46599960327149,43.290000915527344,43.290000915527344,640900
2026-03-09,42.380001068115234,43.59000015258789,41.465999603271484,43.290000915527344,43.290000915527344,640900
2026-03-10,42.63999938964844,43.84999847412109,42.63999938964844,42.86000061035156,42.86000061035156,464800
2026-03-10,42.63999938964844,43.849998474121094,42.63999938964844,42.86000061035156,42.86000061035156,464800
2026-03-11,42.43000030517578,43.83000183105469,41.970001220703125,42.939998626708984,42.939998626708984,512700
2026-03-11,42.43000030517578,43.83000183105469,41.970001220703125,42.93999862670898,42.93999862670898,512700
2026-03-12,42.70000076293945,43.70700073242188,41.84999847412109,42.09999847412109,42.09999847412109,576900
2026-03-12,42.70000076293945,43.707000732421875,41.849998474121094,42.099998474121094,42.099998474121094,576900
2026-03-13,41.65999984741211,43.220001220703125,41.52999877929688,42.900001525878906,42.900001525878906,780100
2026-03-13,41.65999984741211,43.220001220703125,41.529998779296875,42.900001525878906,42.900001525878906,780100
2026-03-16,42.869998931884766,43.77000045776367,42.314998626708984,43.15999984741211,43.15999984741211,644100
2026-03-16,42.869998931884766,43.77000045776367,42.31499862670898,43.15999984741211,43.15999984741211,644100
2026-03-17,43.810001373291016,45.38999938964844,43.52999877929688,45.119998931884766,45.119998931884766,1135900
2026-03-17,43.810001373291016,45.38999938964844,43.529998779296875,45.119998931884766,45.119998931884766,1135900
2026-03-18,45.02000045776367,45.459999084472656,43.7599983215332,44.18000030517578,44.18000030517578,1045200
2026-03-18,45.02000045776367,45.459999084472656,43.7599983215332,44.18000030517578,44.18000030517578,1045200
2026-03-19,43.54999923706055,46.040000915527344,42.34000015258789,44.88999938964844,44.88999938964844,948900
2026-03-19,43.54999923706055,46.040000915527344,42.34000015258789,44.88999938964844,44.88999938964844,948900
2026-03-20,44.900001525878906,45.2599983215332,43.22999954223633,43.599998474121094,43.599998474121094,985900
2026-03-20,44.900001525878906,45.2599983215332,43.22999954223633,43.59999847412109,43.59999847412109,985900
2026-03-23,43.02999877929688,44.4900016784668,42.7400016784668,44.290000915527344,44.290000915527344,578500
2026-03-23,43.029998779296875,44.4900016784668,42.7400016784668,44.290000915527344,44.290000915527344,578500
2026-03-24,44.27999877929688,45.720001220703125,44.165000915527344,45.09000015258789,45.09000015258789,584000
2026-03-24,44.279998779296875,45.720001220703125,44.165000915527344,45.09000015258789,45.09000015258789,584000
2026-03-25,44.900001525878906,45.22999954223633,44.34999847412109,44.970001220703125,44.970001220703125,735500
2026-03-25,44.900001525878906,45.22999954223633,44.349998474121094,44.970001220703125,44.970001220703125,735500
2026-03-26,44.91999816894531,46.20000076293945,44.91999816894531,45.459999084472656,45.459999084472656,651400
2026-03-26,44.91999816894531,46.20000076293945,44.91999816894531,45.459999084472656,45.459999084472656,651400
2026-03-27,45.38999938964844,46.2599983215332,44.98199844360352,45.40999984741211,45.40999984741211,496200
2026-03-27,45.38999938964844,46.2599983215332,44.981998443603516,45.40999984741211,45.40999984741211,496200
2026-03-30,46.380001068115234,46.54499816894531,44.47800064086914,44.95000076293945,44.95000076293945,555400
2026-03-30,46.380001068115234,46.54499816894531,44.47800064086914,44.95000076293945,44.95000076293945,555400
2026-03-31,45.20000076293945,46.22999954223633,44.58000183105469,45.5,45.5,732200
2026-03-31,45.20000076293945,46.22999954223633,44.58000183105469,45.5,45.5,732200
2026-04-01,44.869998931884766,45.66999816894531,44.40999984741211,44.560001373291016,44.560001373291016,644400
2026-04-01,44.869998931884766,45.66999816894531,44.40999984741211,44.560001373291016,44.560001373291016,644400
2026-04-02,45.45000076293945,48.0,45.36000061035156,45.630001068115234,45.630001068115234,968500
2026-04-02,45.45000076293945,48.0,45.36000061035156,45.630001068115234,45.630001068115234,968500
2026-04-06,45.220001220703125,47.5099983215332,44.9900016784668,47.20000076293945,47.20000076293945,723300
2026-04-06,45.220001220703125,47.5099983215332,44.9900016784668,47.20000076293945,47.20000076293945,723300
2026-04-07,47.34000015258789,48.97999954223633,47.34000015258789,48.58000183105469,48.58000183105469,829700
2026-04-07,47.34000015258789,48.97999954223633,47.34000015258789,48.58000183105469,48.58000183105469,829700
2026-04-08,46.709999084472656,48.560001373291016,46.40999984741211,48.29999923706055,48.29999923706055,979300
2026-04-08,46.709999084472656,48.560001373291016,46.40999984741211,48.29999923706055,48.29999923706055,979300
2026-04-09,48.150001525878906,48.9900016784668,47.58000183105469,47.619998931884766,47.619998931884766,741000
2026-04-09,48.150001525878906,48.9900016784668,47.58000183105469,47.619998931884766,47.619998931884766,741000
2026-04-10,47.41999816894531,48.0099983215332,47.095001220703125,47.52000045776367,47.52000045776367,573400
2026-04-10,47.41999816894531,48.0099983215332,47.095001220703125,47.52000045776367,47.52000045776367,573400
2026-04-13,47.970001220703125,48.970001220703125,47.875,48.25,48.25,569900
2026-04-13,47.970001220703125,48.970001220703125,47.875,48.25,48.25,569900
2026-04-14,47.9900016784668,47.9900016784668,45.81999969482422,46.0099983215332,46.0099983215332,642300
2026-04-14,47.9900016784668,47.9900016784668,45.81999969482422,46.0099983215332,46.0099983215332,642300
2026-04-15,45.939998626708984,46.7400016784668,45.40999984741211,45.970001220703125,45.970001220703125,560400
2026-04-15,45.93999862670898,46.7400016784668,45.40999984741211,45.970001220703125,45.970001220703125,560400
2026-04-16,45.95000076293945,48.0,45.73500061035156,47.22999954223633,47.22999954223633,743700
2026-04-16,45.95000076293945,48.0,45.73500061035156,47.22999954223633,47.22999954223633,743700
2026-04-17,45.529998779296875,46.4900016784668,44.59000015258789,46.16999816894531,46.16999816894531,966300
2026-04-17,45.52999877929688,46.4900016784668,44.59000015258789,46.16999816894531,46.16999816894531,966300
2026-04-20,46.380001068115234,46.939998626708984,45.564998626708984,46.04999923706055,46.04999923706055,569200
2026-04-20,46.380001068115234,46.93999862670898,45.56499862670898,46.04999923706055,46.04999923706055,569200
2026-04-21,46.310001373291016,47.33000183105469,46.310001373291016,47.02000045776367,47.02000045776367,360200
2026-04-21,46.310001373291016,47.33000183105469,46.310001373291016,47.02000045776367,47.02000045776367,360200
2026-04-22,47.52000045776367,47.79999923706055,46.92499923706055,47.130001068115234,47.130001068115234,532100
2026-04-22,47.52000045776367,47.79999923706055,46.92499923706055,47.130001068115234,47.130001068115234,532100
2026-04-23,47.25,48.0,47.02000045776367,47.720001220703125,47.720001220703125,359900
2026-04-23,47.25,48.0,47.02000045776367,47.720001220703125,47.720001220703125,359900
2026-04-24,48.0,48.400001525878906,47.34999847412109,48.09999847412109,48.09999847412109,404000
2026-04-24,48.0,48.400001525878906,47.349998474121094,48.099998474121094,48.099998474121094,404000
2026-04-27,48.619998931884766,49.75,48.209999084472656,48.869998931884766,48.869998931884766,824100
2026-04-27,48.619998931884766,49.75,48.209999084472656,48.869998931884766,48.869998931884766,824100
2026-04-28,49.52000045776367,49.95000076293945,48.84000015258789,49.790000915527344,49.790000915527344,805400
2026-04-28,49.52000045776367,49.95000076293945,48.84000015258789,49.790000915527344,49.790000915527344,805400
2026-04-29,50.0,50.23500061035156,49.20500183105469,49.86000061035156,49.86000061035156,683707
2026-04-29,50.0,50.23500061035156,49.20500183105469,49.86000061035156,49.86000061035156,720800
2026-04-30,49.56999969482422,49.869998931884766,48.36000061035156,49.689998626708984,49.689998626708984,487497
